timestamp,voltage_a,voltage_b,voltage_c,current_a,current_b,current_c,power,load,temperature
2026-09-16 17:00:00,10.009,10.0089,10.0713,59.106,59.119,60.571,240.5,259.38,8.3
2026-09-16 17:15:00,10.0496,9.9842,9.9719,59.143,56.131,60.242,243.13,258.29,10.47
2026-09-16 17:30:00,9.9992,9.9541,10.0785,59.714,59.104,61.679,244.65,260.38,12.07
2026-09-16 17:45:00,9.9894,10.0065,10.0104,61.312,58.45,61.211,246.75,257.95,14.4
2026-09-16 18:00:00,9.958,9.9745,9.9775,58.264,57.847,62.097,236.27,259.51,15.78
2026-09-16 18:15:00,10.0015,10.023,9.977,59.045,58.339,61.916,242.59,260.63,18.09
2026-09-16 18:30:00,9.9933,9.9901,10.0541,59.275,59.573,60.628,244.3,257.44,19.89
2026-09-16 18:45:00,9.9821,9.9663,10.012,59.032,59.696,58.835,246.91,263.06,21.5
2026-09-16 19:00:00,10.0531,9.9998,10.0542,59.098,59.129,60.146,242.31,258.83,23.01
2026-09-16 19:15:00,10.0016,10.009,10.0654,59.721,60.078,62.177,250.05,258.95,24.42
2026-09-16 19:30:00,10.0048,9.9933,10.0149,59.155,58.474,60.99,242.0,260.85,25.79
2026-09-16 19:45:00,9.9415,9.9839,9.9328,59.304,58.896,62.147,238.83,264.33,27.36
2026-09-16 20:00:00,10.0439,9.9918,10.0178,59.23,58.458,60.317,247.51,259.0,28.36
2026-09-16 20:15:00,9.9925,9.992,10.0899,60.334,58.784,61.737,242.98,258.97,29.64
2026-09-16 20:30:00,10.0104,10.0025,10.0219,62.891,57.266,63.382,242.99,261.71,30.79
2026-09-16 20:45:00,9.9732,10.0068,9.9623,59.629,59.904,62.032,237.16,268.02,31.46
2026-09-16 21:00:00,10.0257,10.0054,10.0863,60.706,59.057,62.885,241.21,266.43,32.57
2026-09-16 21:15:00,10.0211,9.938,9.9249,60.035,59.428,61.647,247.48,266.02,33.31
2026-09-16 21:30:00,9.9909,10.0087,9.9676,61.605,59.954,62.141,246.61,264.06,34.41
2026-09-16 21:45:00,9.9876,9.9647,9.9851,62.61,61.108,62.94,248.12,265.95,35.02
2026-09-16 22:00:00,9.9844,10.0503,10.0499,61.369,59.662,63.456,255.55,271.22,36.0
2026-09-16 22:15:00,10.0018,9.9962,10.0376,62.469,62.251,63.837,251.66,270.44,36.86
2026-09-16 22:30:00,10.017,10.0123,9.9714,63.969,61.501,66.113,255.85,278.31,38.28
2026-09-16 22:45:00,9.9889,10.0253,10.0058,62.732,63.258,65.592,263.05,279.87,38.02
2026-09-16 23:00:00,9.9756,10.0009,10.0583,64.686,64.616,66.575,265.56,283.93,38.87
2026-09-16 23:15:00,10.0073,9.9829,10.0208,65.852,65.953,67.703,264.93,288.06,39.14
2026-09-16 23:30:00,10.0696,9.9387,9.9842,65.956,66.03,68.568,271.12,291.88,39.99
2026-09-16 23:45:00,10.0034,9.9461,10.0238,67.024,66.995,69.504,280.83,294.3,40.93
2026-09-17 00:00:00,9.9668,9.984,10.0328,68.336,67.938,70.87,284.77,300.12,41.71
2026-09-17 00:15:00,10.0187,9.9801,9.956,70.948,69.271,74.157,289.46,314.06,41.97
2026-09-17 00:30:00,9.983,9.9485,9.9406,73.645,72.189,73.57,291.82,316.23,42.32
2026-09-17 00:45:00,9.9693,9.9782,10.0057,73.357,71.923,77.065,296.0,318.14,42.59
2026-09-17 01:00:00,10.0121,9.9993,10.0678,74.29,75.189,77.985,299.33,328.67,43.17
2026-09-17 01:15:00,10.0381,10.0243,9.9929,77.233,73.267,77.826,311.12,333.7,44.22
2026-09-17 01:30:00,9.9692,9.9798,10.0225,77.331,75.048,81.011,314.24,335.29,44.52
2026-09-17 01:45:00,9.9473,9.9874,9.9678,78.204,74.266,79.474,316.0,339.02,45.03
2026-09-17 02:00:00,10.0351,9.9816,9.9595,77.823,77.236,81.596,315.44,344.19,45.73
2026-09-17 02:15:00,9.9559,9.8976,9.951,78.775,75.157,81.278,320.37,342.92,45.6
2026-09-17 02:30:00,10.035,10.0054,10.0111,76.588,75.962,80.471,319.15,345.31,45.97
2026-09-17 02:45:00,10.041,10.028,10.019,78.568,76.752,81.647,316.28,344.25,46.6
2026-09-17 03:00:00,10.0354,9.9859,9.9834,78.281,75.798,80.441,314.18,341.51,46.65
2026-09-17 03:15:00,10.0602,10.0338,10.0525,77.099,76.079,80.6,317.33,339.62,47.23
2026-09-17 03:30:00,10.0481,10.0465,10.0297,76.986,73.828,80.188,313.11,336.04,47.9
2026-09-17 03:45:00,9.9871,9.9525,9.9594,75.253,74.782,78.321,311.03,334.49,48.35
2026-09-17 04:00:00,10.0419,10.0025,9.9966,75.548,74.099,77.982,298.54,326.32,48.11
2026-09-17 04:15:00,10.0195,9.9602,10.0469,72.064,71.195,75.306,299.26,316.29,48.12
2026-09-17 04:30:00,10.0117,10.0281,9.971,72.733,72.179,74.966,293.88,313.56,48.27
2026-09-17 04:45:00,10.0025,10.0433,9.986,70.54,68.895,75.031,292.21,311.96,48.95
2026-09-17 05:00:00,9.9946,10.0235,10.0516,69.84,67.931,71.984,281.28,301.52,48.98
2026-09-17 05:15:00,10.0327,9.9896,10.0175,68.625,65.209,71.383,281.1,299.67,48.89
2026-09-17 05:30:00,10.0075,9.9787,9.9729,67.491,64.7,70.623,278.3,292.73,49.1
2026-09-17 05:45:00,10.0001,9.9601,9.9953,65.438,64.566,68.27,269.77,293.84,49.19
2026-09-17 06:00:00,10.0259,9.9811,10.0602,66.087,63.118,67.421,267.12,284.98,49.49
2026-09-17 06:15:00,9.9221,10.013,9.9681,64.144,62.761,66.111,264.42,282.19,48.84
2026-09-17 06:30:00,10.0091,9.989,10.0838,64.583,63.645,66.409,260.54,274.39,49.16
2026-09-17 06:45:00,9.9853,10.006,10.0221,64.574,62.081,63.443,255.26,275.76,49.3
2026-09-17 07:00:00,9.9231,10.0187,9.9455,63.399,61.347,64.978,255.89,275.65,49.36
2026-09-17 07:15:00,10.0069,10.0151,9.9942,62.39,62.369,63.495,252.25,271.28,49.4
2026-09-17 07:30:00,9.9761,10.0132,10.0764,62.574,60.342,63.794,257.28,275.41,49.28
2026-09-17 07:45:00,9.9675,10.0492,9.9901,62.845,61.525,64.188,255.98,277.07,49.23
2026-09-17 08:00:00,10.0111,9.9666,9.9776,62.948,63.194,66.183,256.28,275.67,49.73
2026-09-17 08:15:00,9.9557,10.0385,9.98,64.173,61.961,67.257,259.56,281.71,49.6
2026-09-17 08:30:00,10.0416,9.9356,9.951,64.652,64.535,68.629,264.41,282.43,49.14
2026-09-17 08:45:00,9.9907,10.0649,9.9859,67.287,64.102,67.381,266.26,292.34,49.68
2026-09-17 09:00:00,9.997,9.9617,10.0157,65.238,65.278,69.653,273.82,293.99,49.63
2026-09-17 09:15:00,10.0125,10.001,10.0257,69.241,67.422,71.514,279.9,299.7,49.54
2026-09-17 09:30:00,10.0226,9.9615,9.9866,72.022,69.825,73.213,285.01,308.68,50.03
2026-09-17 09:45:00,10.0076,9.9445,10.0254,72.05,69.818,72.895,291.27,315.04,49.98
2026-09-17 10:00:00,10.0694,9.9676,9.9978,74.838,71.018,74.889,300.29,321.5,49.57
2026-09-17 10:15:00,9.949,9.9599,9.9688,76.302,75.121,77.454,305.94,327.09,50.93
2026-09-17 10:30:00,10.0121,9.9989,9.9725,76.781,76.295,78.818,316.2,336.06,50.49
2026-09-17 10:45:00,9.9815,10.0287,9.9752,79.241,76.828,80.557,320.79,340.35,50.82
2026-09-17 11:00:00,10.0075,10.0029,10.0068,80.767,78.282,81.248,325.45,350.14,50.55
2026-09-17 11:15:00,10.0158,10.0083,10.0138,81.167,79.239,83.432,328.84,356.29,51.0
2026-09-17 11:30:00,10.0016,10.0856,9.9642,81.935,80.611,83.06,336.95,361.24,51.57
2026-09-17 11:45:00,10.0489,10.0409,9.979,82.398,80.83,84.411,335.93,357.03,50.54
2026-09-17 12:00:00,10.0508,9.9681,9.9667,83.279,79.507,82.863,334.09,366.06,51.97
2026-09-17 12:15:00,10.005,10.0122,9.9841,83.499,81.174,85.329,335.62,359.65,51.62
2026-09-17 12:30:00,9.9992,10.0145,9.9837,80.741,81.042,85.243,335.08,354.36,51.28
2026-09-17 12:45:00,10.0494,10.0106,9.9832,80.678,78.348,82.283,328.54,355.54,52.03
2026-09-17 13:00:00,9.9851,9.9609,10.0507,79.67,79.413,82.393,326.79,349.95,52.19
2026-09-17 13:15:00,10.0319,10.0514,10.0047,77.625,76.994,80.708,320.44,344.77,52.06
2026-09-17 13:30:00,10.0258,10.0053,10.0213,76.149,75.385,79.931,312.66,335.39,51.83
2026-09-17 13:45:00,9.9766,10.0769,9.9473,75.993,73.164,77.648,311.81,331.19,51.49
2026-09-17 14:00:00,10.0623,9.9713,10.0002,75.255,72.672,75.356,299.54,324.05,52.14
2026-09-17 14:15:00,9.9552,10.0031,9.9342,71.27,70.459,74.589,290.64,315.23,52.04
2026-09-17 14:30:00,10.0174,9.9742,10.0549,70.011,69.763,72.062,288.03,304.12,52.01
2026-09-17 14:45:00,9.9469,10.0027,9.9791,69.14,65.031,72.015,278.78,297.81,52.02
2026-09-17 15:00:00,10.031,9.9781,10.0075,66.019,65.212,70.012,274.78,294.66,51.95
2026-09-17 15:15:00,10.0004,10.0307,10.0241,66.349,64.477,68.323,269.04,288.24,51.74
2026-09-17 15:30:00,10.0143,10.0425,10.0021,64.06,63.153,65.77,264.81,280.2,51.85
2026-09-17 15:45:00,9.9877,9.9989,10.0203,63.63,61.519,64.718,257.58,281.02,51.63
2026-09-17 16:00:00,9.9824,10.0047,10.02,62.685,63.421,63.001,258.02,268.87,51.53
2026-09-17 16:15:00,10.0185,10.0283,9.954,62.934,59.618,63.216,247.49,272.54,51.2
2026-09-17 16:30:00,10.071,10.0313,9.9971,60.191,61.668,63.515,249.36,268.55,50.76
2026-09-17 16:45:00,9.9725,9.9342,9.9627,60.953,59.398,63.134,247.46,270.77,51.01
2026-09-17 17:00:00,10.0532,9.9946,10.0017,58.497,57.79,61.586,238.64,263.35,50.76
2026-09-17 17:15:00,9.955,9.9363,10.0075,56.98,57.446,62.689,242.33,262.09,50.65
2026-09-17 17:30:00,9.9953,9.9592,10.0047,59.497,58.69,62.493,243.48,261.39,51.43
2026-09-17 17:45:00,9.9767,10.0161,10.0703,59.669,59.769,60.239,240.69,267.13,51.16
2026-09-17 18:00:00,9.968,9.9842,9.9779,60.127,58.339,61.508,241.31,261.04,50.68
2026-09-17 18:15:00,10.0337,9.975,10.0328,58.589,57.184,61.153,243.82,256.16,51.1
2026-09-17 18:30:00,10.0125,10.0105,10.0447,58.473,58.701,62.511,240.73,261.33,50.36
2026-09-17 18:45:00,10.0264,10.0192,9.981,60.188,58.131,60.276,244.4,259.94,50.37
2026-09-17 19:00:00,10.0409,9.9617,10.0011,60.586,56.672,61.157,241.26,257.58,50.28
2026-09-17 19:15:00,9.9025,9.984,9.9856,59.612,59.034,62.081,236.16,256.85,50.25
2026-09-17 19:30:00,9.993,10.0188,10.0173,60.287,58.102,60.38,240.34,255.64,50.36
2026-09-17 19:45:00,9.9937,10.0175,10.0302,58.439,58.5,61.942,242.28,258.66,50.27
2026-09-17 20:00:00,9.9682,9.9865,10.0008,59.851,58.27,60.637,243.05,262.49,50.35
2026-09-17 20:15:00,10.003,9.9838,10.0062,61.621,58.918,61.469,238.73,264.32,50.15
2026-09-17 20:30:00,10.0085,10.0438,10.051,59.757,59.407,61.751,248.1,265.77,49.63
2026-09-17 20:45:00,9.9872,9.9999,9.9874,59.969,59.26,60.919,247.22,266.12,50.15
2026-09-17 21:00:00,9.9582,9.9851,10.0351,61.392,57.961,63.111,246.32,260.23,49.76
2026-09-17 21:15:00,9.9448,10.0326,9.9754,61.216,59.47,61.65,250.92,267.07,49.98
2026-09-17 21:30:00,10.0052,10.0378,9.982,58.638,59.516,61.761,247.27,267.14,49.91
2026-09-17 21:45:00,10.0112,10.0494,10.003,61.483,58.897,63.423,247.79,265.98,49.75
2026-09-17 22:00:00,10.0163,9.9463,10.04,63.167,61.525,64.624,250.79,268.21,49.97
2026-09-17 22:15:00,10.0639,9.9296,9.9578,61.642,60.431,63.323,254.89,270.87,49.5
2026-09-17 22:30:00,9.9612,10.0347,9.9737,62.336,61.946,65.177,255.3,275.45,49.69
2026-09-17 22:45:00,9.9598,9.9619,9.9731,63.355,63.585,65.282,266.81,282.79,49.65
2026-09-17 23:00:00,9.9721,9.9832,9.9969,64.04,62.28,66.828,263.63,283.16,50.08
2026-09-17 23:15:00,9.9871,9.9913,10.0306,64.363,63.791,67.068,267.5,291.17,49.92
2026-09-17 23:30:00,9.9749,10.0277,9.9912,66.916,64.185,68.454,275.31,294.29,49.37
2026-09-17 23:45:00,9.9767,9.9759,10.0255,67.278,65.536,69.814,278.23,299.47,49.87
2026-09-18 00:00:00,9.9424,10.0122,9.9892,69.314,67.336,72.64,285.83,300.11,49.5
2026-09-18 00:15:00,10.039,9.993,10.0097,69.541,69.233,72.301,289.22,315.15,49.6
2026-09-18 00:30:00,9.9761,10.05,9.9704,71.848,70.168,74.505,294.33,315.24,50.4
2026-09-18 00:45:00,10.0011,9.9989,9.9621,74.801,72.636,74.431,298.7,323.39,49.88
2026-09-18 01:00:00,9.9505,10.0186,10.0293,75.208,73.549,76.807,310.7,326.64,50.22
2026-09-18 01:15:00,9.9802,9.9595,9.9388,76.55,76.359,79.19,308.25,333.92,50.44
2026-09-18 01:30:00,10.0028,9.9534,9.9493,76.415,73.651,79.373,313.33,339.58,50.91
2026-09-18 01:45:00,9.974,10.0135,10.0311,76.729,74.781,78.772,315.3,341.3,50.62
2026-09-18 02:00:00,10.0066,10.0342,10.0266,78.665,78.411,80.159,313.67,343.37,50.71
2026-09-18 02:15:00,9.9999,10.0738,9.9644,78.257,77.34,81.669,320.73,346.91,51.23
2026-09-18 02:30:00,10.04,10.0549,9.9738,78.555,78.287,78.869,319.88,340.96,51.24
2026-09-18 02:45:00,10.0423,10.0051,9.9754,78.915,76.294,81.489,319.3,342.7,51.66
2026-09-18 03:00:00,9.9997,10.0313,9.9437,79.951,76.162,81.341,319.72,340.3,51.11
2026-09-18 03:15:00,10.0097,9.9771,9.9994,77.903,77.54,80.121,316.82,333.69,51.3
2026-09-18 03:30:00,9.9825,10.0082,10.0202,77.342,74.659,78.892,314.41,337.67,51.28
2026-09-18 03:45:00,9.9925,9.9757,10.0396,74.132,75.745,78.58,310.88,333.31,51.52
2026-09-18 04:00:00,9.98,9.9921,10.006,74.034,72.998,79.136,308.56,331.71,51.57
2026-09-18 04:15:00,10.0061,10.0111,9.997,72.162,72.689,76.708,300.9,319.24,51.63
2026-09-18 04:30:00,9.9355,9.9877,9.9426,73.128,71.736,74.931,295.8,315.34,51.48
2026-09-18 04:45:00,9.9234,9.9979,9.9957,70.935,69.607,72.873,281.77,305.98,51.5
2026-09-18 05:00:00,10.009,9.9881,10.0484,70.258,69.435,71.857,278.85,304.67,51.72
2026-09-18 05:15:00,9.9718,9.9785,10.0323,69.646,66.812,70.741,277.89,294.18,51.62
2026-09-18 05:30:00,10.0707,9.9874,10.0343,67.7,64.567,69.697,278.81,291.13,51.38
2026-09-18 05:45:00,9.9724,9.9847,9.9336,65.511,64.463,69.476,273.56,290.77,51.55
2026-09-18 06:00:00,9.9992,9.9705,10.0139,66.698,64.468,66.675,260.66,282.15,51.25
2026-09-18 06:15:00,10.0403,9.9969,10.0607,63.048,62.427,65.933,259.9,282.03,51.62
2026-09-18 06:30:00,10.0107,9.974,9.9343,62.562,64.2,66.447,256.8,276.24,51.3
2026-09-18 06:45:00,10.0389,10.0246,10.0314,62.188,61.379,65.365,258.03,274.77,50.69
2026-09-18 07:00:00,9.9526,10.0063,10.0231,63.655,61.662,63.635,261.72,275.59,51.65
2026-09-18 07:15:00,10.0304,10.0087,9.9835,62.586,60.593,64.495,252.21,276.57,51.05
2026-09-18 07:30:00,9.9823,10.0219,9.9435,64.682,60.601,65.428,258.61,279.27,50.66
2026-09-18 07:45:00,10.0049,9.9846,10.0627,63.198,60.479,65.63,256.91,274.08,50.88
2026-09-18 08:00:00,9.9847,9.9553,10.0891,63.758,61.846,65.328,257.33,275.48,51.21
2026-09-18 08:15:00,9.9624,9.9309,9.9767,63.049,63.333,66.728,260.99,282.5,50.84
2026-09-18 08:30:00,9.9356,9.9997,10.021,65.249,63.771,67.394,263.06,285.08,51.21
2026-09-18 08:45:00,10.0129,10.0218,9.9693,66.619,65.443,68.717,269.15,280.79,50.73
2026-09-18 09:00:00,10.0091,10.0055,10.0022,66.294,65.859,70.102,267.9,292.54,50.86
2026-09-18 09:15:00,10.0342,9.972,9.9828,68.104,67.636,69.696,275.4,300.45,50.89
2026-09-18 09:30:00,10.0213,10.0088,10.0132,70.602,68.982,71.702,286.52,302.61,50.75
2026-09-18 09:45:00,10.0457,10.0208,9.9547,73.54,68.997,73.492,295.06,317.32,51.11
2026-09-18 10:00:00,10.0463,10.0589,9.9923,73.553,71.159,75.263,302.03,323.92,51.05
2026-09-18 10:15:00,10.0251,10.0432,9.9985,76.22,73.673,78.5,307.52,332.01,51.51
2026-09-18 10:30:00,10.0217,9.962,10.021,77.22,76.095,79.342,315.19,338.75,50.84
2026-09-18 10:45:00,9.9946,9.9992,10.0204,77.699,76.23,82.3,318.2,337.77,51.23
2026-09-18 11:00:00,10.0111,10.0253,9.9817,79.241,77.56,82.456,327.4,346.78,51.46
2026-09-18 11:15:00,10.0112,9.9828,10.0456,81.061,79.853,83.891,332.52,356.81,51.27
2026-09-18 11:30:00,10.0584,10.0508,10.0447,82.666,80.098,84.62,333.61,357.54,51.69
2026-09-18 11:45:00,10.0491,9.9853,10.0072,82.428,80.532,85.265,335.05,357.6,51.69
2026-09-18 12:00:00,10.0191,10.0484,9.9498,81.852,80.545,83.539,337.6,359.29,52.02
2026-09-18 12:15:00,10.0156,10.0426,9.9501,81.914,80.451,85.013,328.71,364.22,51.86
2026-09-18 12:30:00,10.007,9.9621,9.9786,81.826,81.376,83.531,331.1,358.27,52.21
2026-09-18 12:45:00,10.0381,9.9956,9.9659,81.993,79.114,84.139,327.57,357.6,51.79
2026-09-18 13:00:00,9.9864,10.0052,10.0009,79.309,77.987,83.23,320.05,354.03,52.2
2026-09-18 13:15:00,10.0054,9.9863,10.0109,79.105,77.14,80.38,322.19,342.26,52.69
2026-09-18 13:30:00,9.9541,9.9793,9.9614,76.752,76.029,79.616,312.1,332.69,52.53
2026-09-18 13:45:00,10.0262,10.0206,9.9278,75.279,73.483,76.508,306.7,331.16,52.61
2026-09-18 14:00:00,10.0367,9.9882,9.9784,74.525,72.868,76.287,297.78,318.67,52.53
2026-09-18 14:15:00,9.9988,9.9308,10.0157,72.531,70.828,74.627,292.38,310.38,52.31
2026-09-18 14:30:00,9.9849,10.0018,10.0524,69.697,68.694,71.725,288.61,304.24,52.02
2026-09-18 14:45:00,10.0009,9.9645,9.9267,67.899,66.708,70.496,276.0,299.42,52.16
2026-09-18 15:00:00,10.0672,9.9808,10.0111,67.194,64.946,68.993,275.65,290.34,51.98
2026-09-18 15:15:00,10.0536,9.9865,9.9999,65.234,62.487,70.075,263.73,285.95,51.85
2026-09-18 15:30:00,10.0342,10.0007,10.0214,65.326,62.468,66.618,264.36,279.65,51.67
2026-09-18 15:45:00,9.997,10.0462,10.0035,65.099,62.314,63.108,256.47,277.69,51.28
2026-09-18 16:00:00,10.0404,9.99,9.9913,61.532,59.272,65.125,255.04,273.79,51.28
2026-09-18 16:15:00,10.0004,10.0111,10.0184,61.631,61.893,63.669,252.41,274.92,51.62
2026-09-18 16:30:00,9.983,10.0412,10.0039,61.318,59.903,62.089,247.66,269.0,52.08
2026-09-18 16:45:00,10.0118,9.9625,9.9981,62.947,60.408,62.707,251.9,265.48,51.45
2026-09-18 17:00:00,9.9848,9.9458,9.998,58.972,58.51,60.209,243.25,259.17,51.14
2026-09-18 17:15:00,10.0474,10.0558,9.9776,58.377,56.416,60.96,238.62,260.34,51.14
2026-09-18 17:30:00,9.9975,10.011,9.9761,61.38,58.549,60.616,236.04,259.18,51.12
2026-09-18 17:45:00,10.0112,10.0572,10.017,61.768,57.738,61.46,241.15,260.05,50.62
2026-09-18 18:00:00,9.95,10.0229,10.0043,58.22,57.256,62.287,243.74,259.42,50.69
2026-09-18 18:15:00,9.999,9.9858,10.0306,59.744,57.129,61.517,244.14,263.55,51.11
2026-09-18 18:30:00,10.0174,10.0253,10.0299,60.163,58.175,61.002,241.55,259.25,50.62
2026-09-18 18:45:00,9.9993,10.0443,9.9628,61.228,59.027,60.906,243.37,257.13,50.19
2026-09-18 19:00:00,10.0141,10.0014,9.9766,59.2,58.605,61.259,242.71,261.11,50.4
2026-09-18 19:15:00,9.9656,10.0089,10.0002,58.76,57.823,62.262,247.05,261.25,50.37
2026-09-18 19:30:00,10.0339,10.0314,9.9948,59.536,58.485,61.978,242.83,260.61,50.17
2026-09-18 19:45:00,9.9585,9.9885,10.0647,59.46,57.518,59.885,244.19,262.33,50.67
2026-09-18 20:00:00,10.0563,9.9591,10.005,59.795,58.39,60.323,240.8,262.98,50.25
2026-09-18 20:15:00,9.9979,10.0297,10.0072,60.075,59.285,61.381,244.32,263.54,49.66
2026-09-18 20:30:00,10.0453,10.0391,9.9975,60.116,59.541,62.15,246.34,260.76,49.42
2026-09-18 20:45:00,10.0696,10.0716,10.0419,60.278,58.896,63.361,245.42,262.49,49.91
2026-09-18 21:00:00,10.0139,9.9814,10.0401,60.573,58.937,62.211,249.24,265.41,50.39
2026-09-18 21:15:00,9.9999,10.0058,9.9977,59.933,60.197,63.281,246.57,266.51,49.74
2026-09-18 21:30:00,9.9865,10.0093,10.0015,59.693,58.858,62.555,243.58,265.41,49.96
2026-09-18 21:45:00,9.9987,9.9861,9.9817,60.247,60.361,62.438,247.01,272.33,49.42
2026-09-18 22:00:00,10.0702,10.076,10.0332,62.871,59.241,62.383,252.27,268.54,50.0
2026-09-18 22:15:00,9.952,9.981,10.0402,62.55,62.164,62.748,254.61,270.14,49.52
2026-09-18 22:30:00,10.0671,9.9662,10.0214,64.045,62.005,64.609,258.45,277.03,50.29
2026-09-18 22:45:00,9.9998,10.0294,10.0248,62.452,63.947,67.379,257.62,279.04,50.08
2026-09-18 23:00:00,9.9692,9.9695,9.98,65.134,64.972,68.145,268.42,279.05,49.52
2026-09-18 23:15:00,10.0077,10.0411,9.9518,64.769,64.156,69.603,269.44,290.76,50.18
2026-09-18 23:30:00,10.0289,10.0272,9.9947,66.59,65.815,67.869,270.26,293.04,49.83
2026-09-18 23:45:00,9.9914,10.0428,10.0502,68.323,66.76,71.379,275.92,295.32,50.18
2026-09-19 00:00:00,9.9958,9.9943,9.9308,70.245,67.192,72.001,283.95,306.62,50.3
2026-09-19 00:15:00,9.9555,10.0239,10.0567,72.025,67.912,71.956,289.8,314.76,49.92
2026-09-19 00:30:00,9.9915,10.0614,9.9839,71.999,70.388,74.565,293.13,319.06,50.31
2026-09-19 00:45:00,9.9533,9.9764,9.9947,72.944,71.813,76.666,297.18,323.08,49.98
2026-09-19 01:00:00,9.9469,10.0014,10.0016,75.158,72.189,76.05,300.15,322.93,50.33
2026-09-19 01:15:00,9.9571,10.0071,10.0522,74.941,74.429,77.96,311.05,335.0,50.59
2026-09-19 01:30:00,9.9968,10.0694,10.0001,76.542,75.675,79.981,316.99,337.83,50.69
2026-09-19 01:45:00,10.0075,9.9743,9.987,78.192,78.198,80.505,316.12,340.53,50.88
2026-09-19 02:00:00,10.0263,9.9689,9.9753,79.574,77.244,81.101,323.16,338.23,51.31
2026-09-19 02:15:00,9.9962,9.9809,9.9894,79.171,77.486,81.022,317.2,348.36,51.39
2026-09-19 02:30:00,9.923,10.0243,9.9789,77.625,75.184,81.8,322.34,343.82,50.89
2026-09-19 02:45:00,9.9554,9.9698,10.0665,78.548,76.572,81.613,316.34,346.52,50.89
2026-09-19 03:00:00,9.9679,10.0123,10.0195,79.584,76.455,82.084,314.95,340.83,51.55
2026-09-19 03:15:00,10.0112,9.946,10.0588,78.104,77.244,81.953,313.84,339.73,51.39
2026-09-19 03:30:00,9.9401,9.9827,9.9292,75.431,76.22,79.467,314.46,337.56,51.56
2026-09-19 03:45:00,10.077,9.9439,9.8961,75.484,74.615,77.081,310.08,332.27,51.59
2026-09-19 04:00:00,10.0216,9.9707,10.0158,72.881,75.911,75.436,296.84,327.37,51.63
2026-09-19 04:15:00,9.9519,9.9819,10.0062,73.977,70.838,75.85,297.2,319.68,52.1
2026-09-19 04:30:00,10.0206,10.0292,10.0349,70.504,69.647,74.038,298.37,319.33,51.69
2026-09-19 04:45:00,9.9284,10.0395,9.9532,71.438,68.816,72.393,291.31,311.06,51.95
2026-09-19 05:00:00,10.0477,10.0029,10.0435,71.231,68.771,72.419,285.76,301.84,51.66
2026-09-19 05:15:00,9.9879,9.9908,9.9774,68.104,67.12,71.582,283.73,298.9,51.64
2026-09-19 05:30:00,9.9658,10.0699,10.013,69.346,65.764,69.037,275.82,296.93,51.41
2026-09-19 05:45:00,10.0048,9.9948,9.9964,66.248,62.428,69.715,272.59,285.31,51.65
2026-09-19 06:00:00,10.0244,9.9936,9.9961,64.94,64.946,68.215,260.34,287.01,51.58
2026-09-19 06:15:00,9.9578,9.9754,9.996,64.901,62.805,66.874,266.67,280.75,51.49
2026-09-19 06:30:00,9.9531,9.965,10.0261,63.714,62.873,65.738,262.84,276.97,51.47
2026-09-19 06:45:00,10.0124,9.9702,10.0081,63.181,60.792,64.16,256.46,274.54,51.3
2026-09-19 07:00:00,9.9974,9.973,10.0294,62.09,62.839,63.976,249.75,279.59,51.04
2026-09-19 07:15:00,9.9381,10.0304,9.9869,62.059,62.348,64.313,255.02,275.97,50.87
2026-09-19 07:30:00,10.0088,9.9918,10.0034,63.145,61.105,65.858,253.55,278.31,51.0
2026-09-19 07:45:00,9.992,9.9661,9.9272,62.25,62.529,64.437,254.3,275.16,50.39
2026-09-19 08:00:00,10.0385,9.968,10.0372,62.408,61.578,67.67,256.42,274.99,50.88
2026-09-19 08:15:00,9.9956,9.979,10.0714,64.525,64.391,65.887,262.2,282.43,50.45
2026-09-19 08:30:00,9.957,10.0514,10.0436,65.676,62.01,65.79,262.31,284.89,50.35
2026-09-19 08:45:00,9.9573,10.0077,10.0296,65.596,66.248,68.718,270.9,288.4,50.6
2026-09-19 09:00:00,10.0107,9.9031,10.0672,67.632,65.595,69.864,272.61,294.81,50.68
2026-09-19 09:15:00,9.985,9.9568,9.9557,68.947,67.714,70.88,276.59,299.27,50.7
2026-09-19 09:30:00,9.9825,10.0314,10.0195,69.373,68.567,72.572,281.75,306.93,51.18
2026-09-19 09:45:00,10.0219,9.9495,9.9742,72.11,70.34,73.695,293.84,314.32,50.69
2026-09-19 10:00:00,10.0081,10.017,9.97,72.836,71.889,75.284,296.35,320.61,50.78
2026-09-19 10:15:00,10.0324,10.0554,9.9565,75.825,72.83,76.794,302.62,331.23,51.32
2026-09-19 10:30:00,9.9498,10.0112,10.0315,75.614,74.376,81.051,311.86,334.48,51.08
2026-09-19 10:45:00,10.0228,9.9979,10.038,77.761,76.063,80.409,319.73,343.01,51.1
2026-09-19 11:00:00,9.988,9.9718,10.0066,78.893,79.003,81.425,321.77,344.21,51.32
2026-09-19 11:15:00,9.9938,9.9852,10.0031,81.49,80.342,83.77,326.92,352.19,52.08
2026-09-19 11:30:00,10.0556,10.0188,9.928,81.945,79.644,82.888,330.58,364.03,52.08
2026-09-19 11:45:00,9.9829,10.0214,10.0262,83.199,82.291,85.419,336.13,364.48,51.38
2026-09-19 12:00:00,10.0412,9.9824,10.0039,83.303,80.141,84.124,337.97,364.91,51.58
2026-09-19 12:15:00,10.0047,9.952,9.9903,81.427,81.181,82.88,337.76,363.3,51.67
2026-09-19 12:30:00,9.9969,10.0008,10.0058,82.112,78.891,83.608,329.08,357.45,52.19
2026-09-19 12:45:00,10.0432,9.9982,9.9916,80.213,81.184,82.908,327.94,355.1,52.33
2026-09-19 13:00:00,10.0268,9.9926,10.0128,79.671,79.724,81.932,317.76,348.39,52.25
2026-09-19 13:15:00,9.9354,9.9828,9.9828,79.045,77.859,79.556,320.38,345.67,52.13
2026-09-19 13:30:00,10.0242,9.9864,10.0512,77.498,73.36,79.552,316.17,333.29,52.57
2026-09-19 13:45:00,9.9959,9.9172,10.0464,75.73,74.378,77.725,307.09,330.64,52.34
2026-09-19 14:00:00,9.9558,10.0291,9.9954,74.132,72.202,74.64,304.18,317.22,51.89
2026-09-19 14:15:00,9.9601,10.0245,10.0438,72.487,72.089,73.751,289.21,313.34,52.38
2026-09-19 14:30:00,10.0196,10.0495,10.0213,69.477,66.985,74.407,281.5,304.63,52.15
2026-09-19 14:45:00,9.9702,9.959,10.0518,69.126,65.119,70.544,278.72,298.02,51.58
2026-09-19 15:00:00,9.9633,9.9779,10.0346,66.08,66.755,68.842,272.45,292.95,52.25
2026-09-19 15:15:00,10.048,9.9729,10.0511,66.255,63.821,67.03,265.15,287.64,51.95
2026-09-19 15:30:00,9.9838,10.0267,10.0508,64.721,61.058,65.401,259.04,280.77,51.83
2026-09-19 15:45:00,10.0231,9.9752,10.0034,64.697,61.992,64.342,256.35,280.38,51.45
2026-09-19 16:00:00,10.0148,10.0057,9.9455,62.327,62.001,64.568,254.22,272.57,51.45
2026-09-19 16:15:00,9.978,9.9739,9.9575,62.628,61.419,64.54,258.01,271.55,51.38
2026-09-19 16:30:00,10.0683,10.034,10.0728,62.974,59.659,63.156,252.47,266.31,51.15
2026-09-19 16:45:00,9.9845,9.9975,9.9957,60.723,58.882,62.955,251.0,266.54,51.15
